0;CT1;CVD
1;CT1_FILIAL;CT1_CONTA;CT1_DESC01;CT1_DESC02;CT1_DESC03;CT1_DESC04;CT1_DESC05;CT1_CLASSE;CT1_NORMAL;CT1_RES;CT1_BLOQ;CT1_DTBLIN;CT1_DTBLFI;CT1_DC;CT1_NCUSTO;CT1_CC;CT1_CVD02;CT1_CVD03;CT1_CVD04;CT1_CVD05;CT1_CVC02;CT1_CVC03;CT1_CVC04;CT1_CVC05;CT1_CTASUP;CT1_HP;CT1_ACITEM;CT1_ACCUST;CT1_ACCLVL;CT1_DTEXIS;CT1_DTEXSF;CT1_CTAVM;CT1_CTARED;CT1_CTALP;CT1_CTAPON;CT1_BOOK;CT1_GRUPO;CT1_AGLSLD;CT1_RGNV1;CT1_RGNV2;CT1_RGNV3;CT1_CCOBRG;CT1_ITOBRG;CT1_CLOBRG;CT1_TRNSEF;CT1_AGLUT;CT1_LALUR;CT1_CTLALU;CT1_TPLALU;CT1_LALHIR;CT1_RATEIO;CT1_ESTOUR;CT1_CODIMP;CT1_AJ_INF;CT1_NATCTA;CT1_ACATIV;CT1_ATOBRG;CT1_ACET05;CT1_05OBRG;CT1_ACAT01;CT1_AT01OB;CT1_ACAT02;CT1_AT02OB;CT1_ACAT03;CT1_AT03OB;CT1_ACAT04;CT1_AT04OB;CT1_TPO01;CT1_TPO04;CT1_TPO02;CT1_TPO03
1;  ;1                   ;ACTIVO                                  ;                                        ;                                        ;                                        ;                                        ;1;1;          ;2;        ;        ;1;             0;         ;1;1;1;1;1;1;1;1;                    ;   ;1;1;1;19800101;        ;                    ;                    ;                    ;                    ;                    ;        ;2;            ;            ;            ;2;2;2;                    ; ;0;1                   ;  ;2;      ; ;                    ; ;  ;2;2;2;2; ; ; ; ; ; ; ; ;  ;  ;  ;  
1;  ;11                  ;CIRCULANTE                              ;                                        ;                                        ;                                        ;                                        ;1;1;          ;2;        ;        ;3;             0;         ;1;1;1;1;1;1;1;1;1                   ;   ;1;1;1;19800101;        ;                    ;                    ;                    ;                    ;                    ;        ;2;            ;            ;            ;2;2;2;                    ; ;0;11                  ;  ;2;      ; ;                    ; ;  ;2;2;2;2; ; ; ; ; ; ; ; ;  ;  ;  ;  
1;  ;111                 ;CAJAS                                   ;                                        ;                                        ;                                        ;                                        ;1;1;          ;2;        ;        ;6;             0;         ;1;1;1;1;1;1;1;1;11                  ;   ;1;1;1;19800101;        ;                    ;                    ;                    ;                    ;                    ;        ;2;            ;            ;            ;2;2;2;                    ; ;0;111                 ;  ;2;      ; ;                    ; ;  ;2;2;2;2; ; ; ; ; ; ; ; ;  ;  ;  ;  
1;  ;11101               ;CAJAS                                   ;                                        ;                                        ;                                        ;                                        ;1;1;          ;2;        ;        ;0;             0;         ;1;1;1;1;1;1;1;1;111                 ;   ;1;1;1;19800101;        ;                    ;                    ;                    ;                    ;                    ;        ;2;            ;            ;            ;2;2;2;                    ; ;0;11101               ;  ;2;      ; ;                    ; ;  ;2;2;2;2; ; ; ; ; ; ; ; ;  ;  ;  ;  
1;  ;11102               ;CAJAS CHICAS                            ;                                        ;                                        ;                                        ;                                        ;1;1;          ;2;        ;        ;5;             0;         ;1;1;1;1;1;1;1;1;111                 ;   ;1;1;1;19800101;        ;                    ;                    ;                    ;                    ;                    ;        ;2;            ;            ;            ;2;2;2;                    ; ;0;11102               ;  ;2;      ; ;                    ; ;  ;2;2;2;2; ; ; ; ; ; ; ; ;  ;  ;  ;  
1;  ;112                 ;BANCOS                                  ;                                        ;                                        ;                                        ;                                        ;1;1;          ;2;        ;        ;9;             0;         ;1;1;1;1;1;1;1;1;11                  ;   ;1;1;1;19800101;        ;                    ;                    ;                    ;                    ;                    ;        ;2;            ;            ;            ;2;2;2;                    ; ;0;112                 ;  ;2;      ; ;                    ; ;  ;2;2;2;2; ; ; ; ; ; ; ; ;  ;  ;  ;  
1;  ;11201               ;BANCOS MONEDA NACIONAL                  ;                                        ;                                        ;                                        ;                                        ;1;1;          ;2;        ;        ;3;             0;         ;1;1;1;1;1;1;1;1;112                 ;   ;1;1;1;19800101;        ;                    ;                    ;                    ;                    ;                    ;        ;2;            ;            ;            ;2;2;2;                    ; ;0;11201               ;  ;2;      ; ;                    ; ;  ;2;2;2;2; ; ; ; ; ; ; ; ;  ;  ;  ;  
1;  ;11202               ;BANCOS MONEDA EXTRANJERA                ;                                        ;                                        ;                                        ;                                        ;1;1;          ;2;        ;        ;8;             0;         ;1;1;1;1;1;1;1;1;112                 ;   ;1;1;1;19800101;        ;                    ;                    ;                    ;                    ;                    ;        ;2;            ;            ;            ;2;2;2;                    ; ;0;11202               ;  ;2;      ; ;                    ; ;  ;2;2;2;2; ; ; ; ; ; ; ; ;  ;  ;  ;  
1;  ;113                 ;INVERSIONES                             ;                                        ;                                        ;                                        ;                                        ;1;1;          ;2;        ;        ;1;             0;         ;1;1;1;1;1;1;1;1;11                  ;   ;1;1;1;19800101;        ;                    ;                    ;                    ;                    ;                    ;        ;2;            ;            ;            ;2;2;2;                    ; ;0;113                 ;  ;2;      ; ;                    ; ;  ;2;2;2;2; ; ; ; ; ; ; ; ;  ;  ;  ;  
1;  ;114                 ;CUENTAS POR COBRAR                      ;                                        ;                                        ;                                        ;                                        ;1;1;          ;2;        ;        ;4;             0;         ;1;1;1;1;1;1;1;1;11                  ;   ;1;1;1;19800101;        ;                    ;                    ;                    ;                    ;                    ;        ;2;            ;            ;            ;2;2;2;                    ; ;0;114                 ;  ;2;      ; ;                    ; ;  ;2;2;2;2; ; ; ; ; ; ; ; ;  ;  ;  ;  
1;  ;11401               ;CLIENTES NACIONALES                     ;                                        ;                                        ;                                        ;                                        ;1;1;          ;2;        ;        ;9;             0;         ;1;1;1;1;1;1;1;1;114                 ;   ;1;1;1;19800101;        ;                    ;                    ;                    ;                    ;                    ;        ;2;            ;            ;            ;2;2;2;                    ; ;0;11401               ;  ;2;      ; ;                    ; ;  ;2;2;2;2; ; ; ; ; ; ; ; ;  ;  ;  ;  
1;  ;11402               ;CLIENTES EXTRANJEROS                    ;                                        ;                                        ;                                        ;                                        ;1;1;          ;2;        ;        ;3;             0;         ;1;1;1;1;1;1;1;1;114                 ;   ;1;1;1;19800101;        ;                    ;                    ;                    ;                    ;                    ;        ;2;            ;            ;            ;2;2;2;                    ; ;0;11402               ;  ;2;      ; ;                    ; ;  ;2;2;2;2; ; ; ; ; ; ; ; ;  ;  ;  ;  
1;  ;11403               ;ESTIMACION POR INCOBRABLES              ;                                        ;                                        ;                                        ;                                        ;1;1;          ;2;        ;        ;8;             0;         ;1;1;1;1;1;1;1;1;114                 ;   ;1;1;1;19800101;        ;                    ;                    ;                    ;                    ;                    ;        ;2;            ;            ;            ;2;2;2;                    ; ;0;11403               ;  ;2;      ; ;                    ; ;  ;2;2;2;2; ; ; ; ; ; ; ; ;  ;  ;  ;  
1;  ;11499               ;OTRAS CUENTAS POR COBRAR                ;                                        ;                                        ;                                        ;                                        ;1;1;          ;2;        ;        ;8;             0;         ;1;1;1;1;1;1;1;1;114                 ;   ;1;1;1;19800101;        ;                    ;                    ;                    ;                    ;                    ;        ;2;            ;            ;            ;2;2;2;                    ; ;0;11499               ;  ;2;      ; ;                    ; ;  ;2;2;2;2; ; ; ; ; ; ; ; ;  ;  ;  ;  
1;  ;115                 ;ANTICIPOS SOBRE IMPUESTOS               ;                                        ;                                        ;                                        ;                                        ;1;1;          ;2;        ;        ;7;             0;         ;1;1;1;1;1;1;1;1;11                  ;   ;1;1;1;19800101;        ;                    ;                    ;                    ;                    ;                    ;        ;2;            ;            ;            ;2;2;2;                    ; ;0;115                 ;  ;2;      ; ;                    ; ;  ;2;2;2;2; ; ; ; ; ; ; ; ;  ;  ;  ;  
1;  ;11501               ;ANTICIPO SOBRE IMPUESTO SOBRE LA RENTA  ;                                        ;                                        ;                                        ;                                        ;1;1;          ;2;        ;        ;1;             0;         ;1;1;1;1;1;1;1;1;115                 ;   ;1;1;1;19800101;        ;                    ;                    ;                    ;                    ;                    ;        ;2;            ;            ;            ;2;2;2;                    ; ;0;11501               ;  ;2;      ; ;                    ; ;  ;2;2;2;2; ; ; ; ; ; ; ; ;  ;  ;  ;  
1;  ;12                  ;FIJO                                    ;                                        ;                                        ;                                        ;                                        ;1;1;          ;2;        ;        ;5;             0;         ;1;1;1;1;1;1;1;1;1                   ;   ;1;1;1;19800101;        ;                    ;                    ;                    ;                    ;                    ;        ;2;            ;            ;            ;2;2;2;                    ; ;0;12                  ;  ;2;      ; ;                    ; ;  ;2;2;2;2; ; ; ; ; ; ; ; ;  ;  ;  ;  
1;  ;121                 ;TERRENOS                                ;                                        ;                                        ;                                        ;                                        ;1;1;          ;2;        ;        ;8;             0;         ;1;1;1;1;1;1;1;1;12                  ;   ;1;1;1;19800101;        ;                    ;                    ;                    ;                    ;                    ;        ;2;            ;            ;            ;2;2;2;                    ; ;0;121                 ;  ;2;      ; ;                    ; ;  ;2;2;2;2; ; ; ; ; ; ; ; ;  ;  ;  ;  
1;  ;122                 ;EDIFICIOS                               ;                                        ;                                        ;                                        ;                                        ;1;1;          ;2;        ;        ;0;             0;         ;1;1;1;1;1;1;1;1;12                  ;   ;1;1;1;19800101;        ;                    ;                    ;                    ;                    ;                    ;        ;2;            ;            ;            ;2;2;2;                    ; ;0;122                 ;  ;2;      ; ;                    ; ;  ;2;2;2;2; ; ; ; ; ; ; ; ;  ;  ;  ;  
1;  ;123                 ;MOBILIARIO Y EQUIPOS                    ;                                        ;                                        ;                                        ;                                        ;1;1;          ;2;        ;        ;3;             0;         ;1;1;1;1;1;1;1;1;12                  ;   ;1;1;1;19800101;        ;                    ;                    ;                    ;                    ;                    ;        ;2;            ;            ;            ;2;2;2;                    ; ;0;123                 ;  ;2;      ; ;                    ; ;  ;2;2;2;2; ; ; ; ; ; ; ; ;  ;  ;  ;  
1;  ;124                 ;EQUIPOS DE COMPUTO                      ;                                        ;                                        ;                                        ;                                        ;1;1;          ;2;        ;        ;6;             0;         ;1;1;1;1;1;1;1;1;12                  ;   ;1;1;1;19800101;        ;                    ;                    ;                    ;                    ;                    ;        ;2;            ;            ;            ;2;2;2;                    ; ;0;124                 ;  ;2;      ; ;                    ; ;  ;2;2;2;2; ; ; ; ; ; ; ; ;  ;  ;  ;  
1;  ;125                 ;VEHICULOS                               ;                                        ;                                        ;                                        ;                                        ;1;1;          ;2;        ;        ;9;             0;         ;1;1;1;1;1;1;1;1;12                  ;   ;1;1;1;19800101;        ;                    ;                    ;                    ;                    ;                    ;        ;2;            ;            ;            ;2;2;2;                    ; ;0;125                 ;  ;2;      ; ;                    ; ;  ;2;2;2;2; ; ; ; ; ; ; ; ;  ;  ;  ;  
1;  ;129                 ;DEPRECIACION ACUMULADA                  ;                                        ;                                        ;                                        ;                                        ;1;1;          ;2;        ;        ;0;             0;         ;1;1;1;1;1;1;1;1;12                  ;   ;1;1;1;19800101;        ;                    ;                    ;                    ;                    ;                    ;        ;2;            ;            ;            ;2;2;2;                    ; ;0;129                 ;  ;2;      ; ;                    ; ;  ;2;2;2;2; ; ; ; ; ; ; ; ;  ;  ;  ;  
1;  ;12901               ;TERRENOS                                ;                                        ;                                        ;                                        ;                                        ;1;1;          ;2;        ;        ;4;             0;         ;1;1;1;1;1;1;1;1;129                 ;   ;1;1;1;19800101;        ;                    ;                    ;                    ;                    ;                    ;        ;2;            ;            ;            ;2;2;2;                    ; ;0;12901               ;  ;2;      ; ;                    ; ;  ;2;2;2;2; ; ; ; ; ; ; ; ;  ;  ;  ;  
1;  ;12902               ;EDIFICIOS                               ;                                        ;                                        ;                                        ;                                        ;1;1;          ;2;        ;        ;9;             0;         ;1;1;1;1;1;1;1;1;129                 ;   ;1;1;1;19800101;        ;                    ;                    ;                    ;                    ;                    ;        ;2;            ;            ;            ;2;2;2;                    ; ;0;12902               ;  ;2;      ; ;                    ; ;  ;2;2;2;2; ; ; ; ; ; ; ; ;  ;  ;  ;  
1;  ;12903               ;MOBILIARIO Y EQUIPOS                    ;                                        ;                                        ;                                        ;                                        ;1;1;          ;2;        ;        ;3;             0;         ;1;1;1;1;1;1;1;1;129                 ;   ;1;1;1;19800101;        ;                    ;                    ;                    ;                    ;                    ;        ;2;            ;            ;            ;2;2;2;                    ; ;0;12903               ;  ;2;      ; ;                    ; ;  ;2;2;2;2; ; ; ; ; ; ; ; ;  ;  ;  ;  
1;  ;12904               ;EQUIPOS DE COMPUTO                      ;                                        ;                                        ;                                        ;                                        ;1;1;          ;2;        ;        ;8;             0;         ;1;1;1;1;1;1;1;1;129                 ;   ;1;1;1;19800101;        ;                    ;                    ;                    ;                    ;                    ;        ;2;            ;            ;            ;2;2;2;                    ; ;0;12904               ;  ;2;      ; ;                    ; ;  ;2;2;2;2; ; ; ; ; ; ; ; ;  ;  ;  ;  
1;  ;12905               ;VEHICULOS                               ;                                        ;                                        ;                                        ;                                        ;1;1;          ;2;        ;        ;2;             0;         ;1;1;1;1;1;1;1;1;129                 ;   ;1;1;1;19800101;        ;                    ;                    ;                    ;                    ;                    ;        ;2;            ;            ;            ;2;2;2;                    ; ;0;12905               ;  ;2;      ; ;                    ; ;  ;2;2;2;2; ; ; ; ; ; ; ; ;  ;  ;  ;  
1;  ;13                  ;INTANGIBLE                              ;                                        ;                                        ;                                        ;                                        ;1;1;          ;2;        ;        ;7;             0;         ;1;1;1;1;1;1;1;1;1                   ;   ;1;1;1;19800101;        ;                    ;                    ;                    ;                    ;                    ;        ;2;            ;            ;            ;2;2;2;                    ; ;0;13                  ;  ;2;      ; ;                    ; ;  ;2;2;2;2; ; ; ; ; ; ; ; ;  ;  ;  ;  
1;  ;131                 ;SOFTWARE                                ;                                        ;                                        ;                                        ;                                        ;1;1;          ;2;        ;        ;0;             0;         ;1;1;1;1;1;1;1;1;13                  ;   ;1;1;1;19800101;        ;                    ;                    ;                    ;                    ;                    ;        ;2;            ;            ;            ;2;2;2;                    ; ;0;131                 ;  ;2;      ; ;                    ; ;  ;2;2;2;2; ; ; ; ; ; ; ; ;  ;  ;  ;  
1;  ;132                 ;MARCAS                                  ;                                        ;                                        ;                                        ;                                        ;1;1;          ;2;        ;        ;2;             0;         ;1;1;1;1;1;1;1;1;13                  ;   ;1;1;1;19800101;        ;                    ;                    ;                    ;                    ;                    ;        ;2;            ;            ;            ;2;2;2;                    ; ;0;132                 ;  ;2;      ; ;                    ; ;  ;2;2;2;2; ; ; ; ; ; ; ; ;  ;  ;  ;  
1;  ;133                 ;DERECHOS Y PATENTES                     ;                                        ;                                        ;                                        ;                                        ;1;1;          ;2;        ;        ;5;             0;         ;1;1;1;1;1;1;1;1;13                  ;   ;1;1;1;19800101;        ;                    ;                    ;                    ;                    ;                    ;        ;2;            ;            ;            ;2;2;2;                    ; ;0;133                 ;  ;2;      ; ;                    ; ;  ;2;2;2;2; ; ; ; ; ; ; ; ;  ;  ;  ;  
1;  ;19                  ;OTROS ACTIVOS                           ;                                        ;                                        ;                                        ;                                        ;1;1;          ;2;        ;        ;8;             0;         ;1;1;1;1;1;1;1;1;1                   ;   ;1;1;1;19800101;        ;                    ;                    ;                    ;                    ;                    ;        ;2;            ;            ;            ;2;2;2;                    ; ;0;19                  ;  ;2;      ; ;                    ; ;  ;2;2;2;2; ; ; ; ; ; ; ; ;  ;  ;  ;  
1;  ;2                   ;PASIVO                                  ;                                        ;                                        ;                                        ;                                        ;1;2;          ;2;        ;        ;2;             0;         ;1;1;1;1;1;1;1;1;                    ;   ;1;1;1;19800101;        ;                    ;                    ;                    ;                    ;                    ;        ;2;            ;            ;            ;2;2;2;                    ; ;0;2                   ;  ;2;      ; ;                    ; ;  ;2;2;2;2; ; ; ; ; ; ; ; ;  ;  ;  ;  
1;  ;21                  ;PASIVO DE CORTO PLAZO                   ;                                        ;                                        ;                                        ;                                        ;1;2;          ;2;        ;        ;4;             0;         ;1;1;1;1;1;1;1;1;2                   ;   ;1;1;1;19800101;        ;                    ;                    ;                    ;                    ;                    ;        ;2;            ;            ;            ;2;2;2;                    ; ;0;21                  ;  ;2;      ; ;                    ; ;  ;2;2;2;2; ; ; ; ; ; ; ; ;  ;  ;  ;  
1;  ;211                 ;CUENTAS POR PAGAR                       ;                                        ;                                        ;                                        ;                                        ;1;2;          ;2;        ;        ;7;             0;         ;1;1;1;1;1;1;1;1;21                  ;   ;1;1;1;19800101;        ;                    ;                    ;                    ;                    ;                    ;        ;2;            ;            ;            ;2;2;2;                    ; ;0;211                 ;  ;2;      ; ;                    ; ;  ;2;2;2;2; ; ; ; ; ; ; ; ;  ;  ;  ;  
1;  ;21101               ;PROVEEDORES NACIONALES                  ;                                        ;                                        ;                                        ;                                        ;1;2;          ;2;        ;        ;1;             0;         ;1;1;1;1;1;1;1;1;211                 ;   ;1;1;1;19800101;        ;                    ;                    ;                    ;                    ;                    ;        ;2;            ;            ;            ;2;2;2;                    ; ;0;21101               ;  ;2;      ; ;                    ; ;  ;2;2;2;2; ; ; ; ; ; ; ; ;  ;  ;  ;  
1;  ;21102               ;PROVEEDORES EXTRANJEROS                 ;                                        ;                                        ;                                        ;                                        ;1;2;          ;2;        ;        ;6;             0;         ;1;1;1;1;1;1;1;1;211                 ;   ;1;1;1;19800101;        ;                    ;                    ;                    ;                    ;                    ;        ;2;            ;            ;            ;2;2;2;                    ; ;0;21102               ;  ;2;      ; ;                    ; ;  ;2;2;2;2; ; ; ; ; ; ; ; ;  ;  ;  ;  
1;  ;21103               ;PRESTAMOS                               ;                                        ;                                        ;                                        ;                                        ;1;2;          ;2;        ;        ;0;             0;         ;1;1;1;1;1;1;1;1;211                 ;   ;1;1;1;19800101;        ;                    ;                    ;                    ;                    ;                    ;        ;2;            ;            ;            ;2;2;2;                    ; ;0;21103               ;  ;2;      ; ;                    ; ;  ;2;2;2;2; ; ; ; ; ; ; ; ;  ;  ;  ;  
1;  ;21104               ;INTERESES                               ;                                        ;                                        ;                                        ;                                        ;1;2;          ;2;        ;        ;5;             0;         ;1;1;1;1;1;1;1;1;211                 ;   ;1;1;1;19800101;        ;                    ;                    ;                    ;                    ;                    ;        ;2;            ;            ;            ;2;2;2;                    ; ;0;21104               ;  ;2;      ; ;                    ; ;  ;2;2;2;2; ; ; ; ; ; ; ; ;  ;  ;  ;  
1;  ;21199               ;OTRAS CUENTAS POR PAGAR                 ;                                        ;                                        ;                                        ;                                        ;1;2;          ;2;        ;        ;0;             0;         ;1;1;1;1;1;1;1;1;211                 ;   ;1;1;1;19800101;        ;                    ;                    ;                    ;                    ;                    ;        ;2;            ;            ;            ;2;2;2;                    ; ;0;21199               ;  ;2;      ; ;                    ; ;  ;2;2;2;2; ; ; ; ; ; ; ; ;  ;  ;  ;  
1;  ;212                 ;IMPUESTOS                               ;                                        ;                                        ;                                        ;                                        ;1;2;          ;2;        ;        ;0;             0;         ;1;1;1;1;1;1;1;1;21                  ;   ;1;1;1;19800101;        ;                    ;                    ;                    ;                    ;                    ;        ;2;            ;            ;            ;2;2;2;                    ; ;0;212                 ;  ;2;      ; ;                    ; ;  ;2;2;2;2; ; ; ; ; ; ; ; ;  ;  ;  ;  
1;  ;21201               ;IMPUESTO SOBRE VENTAS                   ;                                        ;                                        ;                                        ;                                        ;1;2;          ;2;        ;        ;4;             0;         ;1;1;1;1;1;1;1;1;212                 ;   ;1;1;1;19800101;        ;                    ;                    ;                    ;                    ;                    ;        ;2;            ;            ;            ;2;2;2;                    ; ;0;21201               ;  ;2;      ; ;                    ; ;  ;2;2;2;2; ; ; ; ; ; ; ; ;  ;  ;  ;  
1;  ;21202               ;IMPUESTO SOBRE LA RENTA                 ;                                        ;                                        ;                                        ;                                        ;1;2;          ;2;        ;        ;9;             0;         ;1;1;1;1;1;1;1;1;212                 ;   ;1;1;1;19800101;        ;                    ;                    ;                    ;                    ;                    ;        ;2;            ;            ;            ;2;2;2;                    ; ;0;21202               ;  ;2;      ; ;                    ; ;  ;2;2;2;2; ; ; ; ; ; ; ; ;  ;  ;  ;  
1;  ;21203               ;IMPUESTO SELECTIVO DE CONSUMO           ;                                        ;                                        ;                                        ;                                        ;1;2;          ;2;        ;        ;3;             0;         ;1;1;1;1;1;1;1;1;212                 ;   ;1;1;1;19800101;        ;                    ;                    ;                    ;                    ;                    ;        ;2;            ;            ;            ;2;2;2;                    ; ;0;21203               ;  ;2;      ; ;                    ; ;  ;2;2;2;2; ; ; ; ; ; ; ; ;  ;  ;  ;  
1;  ;21204               ;IMPUESTOS                               ;                                        ;                                        ;                                        ;                                        ;1;2;          ;2;        ;        ;8;             0;         ;1;1;1;1;1;1;1;1;212                 ;   ;1;1;1;19800101;        ;                    ;                    ;                    ;                    ;                    ;        ;2;            ;            ;            ;2;2;2;                    ; ;0;21204               ;  ;2;      ; ;                    ; ;  ;2;2;2;2; ; ; ; ; ; ; ; ;  ;  ;  ;  
1;  ;21209               ;OTROS                                   ;                                        ;                                        ;                                        ;                                        ;1;2;          ;2;        ;        ;0;             0;         ;1;1;1;1;1;1;1;1;212                 ;   ;1;1;1;19800101;        ;                    ;                    ;                    ;                    ;                    ;        ;2;            ;            ;            ;2;2;2;                    ; ;0;21209               ;  ;2;      ; ;                    ; ;  ;2;2;2;2; ; ; ; ; ; ; ; ;  ;  ;  ;  
1;  ;213                 ;OBLIGACIONES                            ;                                        ;                                        ;                                        ;                                        ;1;2;          ;2;        ;        ;2;             0;         ;1;1;1;1;1;1;1;1;21                  ;   ;1;1;1;19800101;        ;                    ;                    ;                    ;                    ;                    ;        ;2;            ;            ;            ;2;2;2;                    ; ;0;213                 ;  ;2;      ; ;                    ; ;  ;2;2;2;2; ; ; ; ; ; ; ; ;  ;  ;  ;  
1;  ;21301               ;SALARIOS POR PAGAR                      ;                                        ;                                        ;                                        ;                                        ;1;2;          ;2;        ;        ;7;             0;         ;1;1;1;1;1;1;1;1;213                 ;   ;1;1;1;19800101;        ;                    ;                    ;                    ;                    ;                    ;        ;2;            ;            ;            ;2;2;2;                    ; ;0;21301               ;  ;2;      ; ;                    ; ;  ;2;2;2;2; ; ; ; ; ; ; ; ;  ;  ;  ;  
1;  ;21302               ;AGUINALDO                               ;                                        ;                                        ;                                        ;                                        ;1;2;          ;2;        ;        ;1;             0;         ;1;1;1;1;1;1;1;1;213                 ;   ;1;1;1;19800101;        ;                    ;                    ;                    ;                    ;                    ;        ;2;            ;            ;            ;2;2;2;                    ; ;0;21302               ;  ;2;      ; ;                    ; ;  ;2;2;2;2; ; ; ; ; ; ; ; ;  ;  ;  ;  
1;  ;21303               ;VACACIONES                              ;                                        ;                                        ;                                        ;                                        ;1;2;          ;2;        ;        ;6;             0;         ;1;1;1;1;1;1;1;1;213                 ;   ;1;1;1;19800101;        ;                    ;                    ;                    ;                    ;                    ;        ;2;            ;            ;            ;2;2;2;                    ; ;0;21303               ;  ;2;      ; ;                    ; ;  ;2;2;2;2; ; ; ; ; ; ; ; ;  ;  ;  ;  
1;  ;21304               ;CESANTIA                                ;                                        ;                                        ;                                        ;                                        ;1;2;          ;2;        ;        ;0;             0;         ;1;1;1;1;1;1;1;1;213                 ;   ;1;1;1;19800101;        ;                    ;                    ;                    ;                    ;                    ;        ;2;            ;            ;            ;2;2;2;                    ; ;0;21304               ;  ;2;      ; ;                    ; ;  ;2;2;2;2; ; ; ; ; ; ; ; ;  ;  ;  ;  
1;  ;214                 ;PROVISIONES                             ;                                        ;                                        ;                                        ;                                        ;1;2;          ;2;        ;        ;5;             0;         ;1;1;1;1;1;1;1;1;21                  ;   ;1;1;1;19800101;        ;                    ;                    ;                    ;                    ;                    ;        ;2;            ;            ;            ;2;2;2;                    ; ;0;214                 ;  ;2;      ; ;                    ; ;  ;2;2;2;2; ; ; ; ; ; ; ; ;  ;  ;  ;  
1;  ;21401               ;SALARIOS POR PAGAR                      ;                                        ;                                        ;                                        ;                                        ;1;2;          ;2;        ;        ;0;             0;         ;1;1;1;1;1;1;1;1;214                 ;   ;1;1;1;19800101;        ;                    ;                    ;                    ;                    ;                    ;        ;2;            ;            ;            ;2;2;2;                    ; ;0;21401               ;  ;2;      ; ;                    ; ;  ;2;2;2;2; ; ; ; ; ; ; ; ;  ;  ;  ;  
1;  ;21402               ;VACACIONES                              ;                                        ;                                        ;                                        ;                                        ;1;2;          ;2;        ;        ;4;             0;         ;1;1;1;1;1;1;1;1;214                 ;   ;1;1;1;19800101;        ;                    ;                    ;                    ;                    ;                    ;        ;2;            ;            ;            ;2;2;2;                    ; ;0;21402               ;  ;2;      ; ;                    ; ;  ;2;2;2;2; ; ; ; ; ; ; ; ;  ;  ;  ;  
1;  ;21403               ;AGUINALDO                               ;                                        ;                                        ;                                        ;                                        ;1;2;          ;2;        ;        ;9;             0;         ;1;1;1;1;1;1;1;1;214                 ;   ;1;1;1;19800101;        ;                    ;                    ;                    ;                    ;                    ;        ;2;            ;            ;            ;2;2;2;                    ; ;0;21403               ;  ;2;      ; ;                    ; ;  ;2;2;2;2; ; ; ; ; ; ; ; ;  ;  ;  ;  
1;  ;21404               ;CESANTIA                                ;                                        ;                                        ;                                        ;                                        ;1;2;          ;2;        ;        ;3;             0;         ;1;1;1;1;1;1;1;1;214                 ;   ;1;1;1;19800101;        ;                    ;                    ;                    ;                    ;                    ;        ;2;            ;            ;            ;2;2;2;                    ; ;0;21404               ;  ;2;      ; ;                    ; ;  ;2;2;2;2; ; ; ; ; ; ; ; ;  ;  ;  ;  
1;  ;22                  ;PASIVO DE LARGO PLAZO                   ;                                        ;                                        ;                                        ;                                        ;1;2;          ;2;        ;        ;6;             0;         ;1;1;1;1;1;1;1;1;2                   ;   ;1;1;1;19800101;        ;                    ;                    ;                    ;                    ;                    ;        ;2;            ;            ;            ;2;2;2;                    ; ;0;22                  ;  ;2;      ; ;                    ; ;  ;2;2;2;2; ; ; ; ; ; ; ; ;  ;  ;  ;  
1;  ;221                 ;PRESTAMOS Y FINANCIAMIENTOS             ;                                        ;                                        ;                                        ;                                        ;1;2;          ;2;        ;        ;9;             0;         ;1;1;1;1;1;1;1;1;22                  ;   ;1;1;1;19800101;        ;                    ;                    ;                    ;                    ;                    ;        ;2;            ;            ;            ;2;2;2;                    ; ;0;221                 ;  ;2;      ; ;                    ; ;  ;2;2;2;2; ; ; ; ; ; ; ; ;  ;  ;  ;  
1;  ;29                  ;OTROS PASIVOS                           ;                                        ;                                        ;                                        ;                                        ;1;2;          ;2;        ;        ;9;             0;         ;1;1;1;1;1;1;1;1;2                   ;   ;1;1;1;19800101;        ;                    ;                    ;                    ;                    ;                    ;        ;2;            ;            ;            ;2;2;2;                    ; ;0;29                  ;  ;2;      ; ;                    ; ;  ;2;2;2;2; ; ; ; ; ; ; ; ;  ;  ;  ;  
1;  ;3                   ;PATRIMONIO                              ;                                        ;                                        ;                                        ;                                        ;1;1;          ;2;        ;        ;3;             0;         ;1;1;1;1;1;1;1;1;                    ;   ;1;1;1;19800101;        ;                    ;                    ;                    ;                    ;                    ;        ;2;            ;            ;            ;2;2;2;                    ; ;0;3                   ;  ;2;      ; ;                    ; ;  ;2;2;2;2; ; ; ; ; ; ; ; ;  ;  ;  ;  
1;  ;31                  ;CAPITAL SOCIAL                          ;                                        ;                                        ;                                        ;                                        ;1;1;          ;2;        ;        ;5;             0;         ;1;1;1;1;1;1;1;1;3                   ;   ;1;1;1;19800101;        ;                    ;                    ;                    ;                    ;                    ;        ;2;            ;            ;            ;2;2;2;                    ; ;0;31                  ;  ;2;      ; ;                    ; ;  ;2;2;2;2; ; ; ; ; ; ; ; ;  ;  ;  ;  
1;  ;32                  ;UTILIDAD/DEFICIT ACUMULADO              ;                                        ;                                        ;                                        ;                                        ;1;1;          ;2;        ;        ;7;             0;         ;1;1;1;1;1;1;1;1;3                   ;   ;1;1;1;19800101;        ;                    ;                    ;                    ;                    ;                    ;        ;2;            ;            ;            ;2;2;2;                    ; ;0;32                  ;  ;2;      ; ;                    ; ;  ;2;2;2;2; ; ; ; ; ; ; ; ;  ;  ;  ;  
1;  ;33                  ;UTILIDAD/DEFICIT DEL PERIODO            ;                                        ;                                        ;                                        ;                                        ;1;1;          ;2;        ;        ;9;             0;         ;1;1;1;1;1;1;1;1;3                   ;   ;1;1;1;19800101;        ;                    ;                    ;                    ;                    ;                    ;        ;2;            ;            ;            ;2;2;2;                    ; ;0;33                  ;  ;2;      ; ;                    ; ;  ;2;2;2;2; ; ; ; ; ; ; ; ;  ;  ;  ;  
1;  ;4                   ;INGRESOS                                ;                                        ;                                        ;                                        ;                                        ;1;2;          ;2;        ;        ;4;             0;         ;1;1;1;1;1;1;1;1;                    ;   ;1;1;1;19800101;        ;                    ;                    ;                    ;                    ;                    ;        ;2;            ;            ;            ;2;2;2;                    ; ;0;4                   ;  ;2;      ; ;                    ; ;  ;2;2;2;2; ; ; ; ; ; ; ; ;  ;  ;  ;  
1;  ;41                  ;VENTAS                                  ;                                        ;                                        ;                                        ;                                        ;1;2;          ;2;        ;        ;6;             0;         ;1;1;1;1;1;1;1;1;4                   ;   ;1;1;1;19800101;        ;                    ;                    ;                    ;                    ;                    ;        ;2;            ;            ;            ;2;2;2;                    ; ;0;41                  ;  ;2;      ; ;                    ; ;  ;2;2;2;2; ; ; ; ; ; ; ; ;  ;  ;  ;  
1;  ;42                  ;OTROS INGRESOS OPERACIONALES            ;                                        ;                                        ;                                        ;                                        ;1;2;          ;2;        ;        ;8;             0;         ;1;1;1;1;1;1;1;1;4                   ;   ;1;1;1;19800101;        ;                    ;                    ;                    ;                    ;                    ;        ;2;            ;            ;            ;2;2;2;                    ; ;0;42                  ;  ;2;      ; ;                    ; ;  ;2;2;2;2; ; ; ; ; ; ; ; ;  ;  ;  ;  
1;  ;43                  ;INGRESOS FINANCIEROS                    ;                                        ;                                        ;                                        ;                                        ;1;2;          ;2;        ;        ;0;             0;         ;1;1;1;1;1;1;1;1;4                   ;   ;1;1;1;19800101;        ;                    ;                    ;                    ;                    ;                    ;        ;2;            ;            ;            ;2;2;2;                    ; ;0;43                  ;  ;2;      ; ;                    ; ;  ;2;2;2;2; ; ; ; ; ; ; ; ;  ;  ;  ;  
1;  ;49                  ;OTROS INGRESOS                          ;                                        ;                                        ;                                        ;                                        ;1;2;          ;2;        ;        ;0;             0;         ;1;1;1;1;1;1;1;1;4                   ;   ;1;1;1;19800101;        ;                    ;                    ;                    ;                    ;                    ;        ;2;            ;            ;            ;2;2;2;                    ; ;0;49                  ;  ;2;      ; ;                    ; ;  ;2;2;2;2; ; ; ; ; ; ; ; ;  ;  ;  ;  
1;  ;5                   ;GASTOS                                  ;                                        ;                                        ;                                        ;                                        ;1;1;          ;2;        ;        ;5;             0;         ;1;1;1;1;1;1;1;1;                    ;   ;1;1;1;19800101;        ;                    ;                    ;                    ;                    ;                    ;        ;2;            ;            ;            ;2;2;2;                    ; ;0;5                   ;  ;2;      ; ;                    ; ;  ;2;2;2;2; ; ; ; ; ; ; ; ;  ;  ;  ;  
1;  ;51                  ;GASTOS GENERALES                        ;                                        ;                                        ;                                        ;                                        ;1;1;          ;2;        ;        ;7;             0;         ;1;1;1;1;1;1;1;1;5                   ;   ;1;1;1;19800101;        ;                    ;                    ;                    ;                    ;                    ;        ;2;            ;            ;            ;2;2;2;                    ; ;0;51                  ;  ;2;      ; ;                    ; ;  ;2;2;2;2; ; ; ; ; ; ; ; ;  ;  ;  ;  
1;  ;511                 ;IMPUESTOS                               ;                                        ;                                        ;                                        ;                                        ;1;1;          ;2;        ;        ;0;             0;         ;1;1;1;1;1;1;1;1;51                  ;   ;1;1;1;19800101;        ;                    ;                    ;                    ;                    ;                    ;        ;2;            ;            ;            ;2;2;2;                    ; ;0;511                 ;  ;2;      ; ;                    ; ;  ;2;2;2;2; ; ; ; ; ; ; ; ;  ;  ;  ;  
1;  ;512                 ;GENERALES                               ;                                        ;                                        ;                                        ;                                        ;1;1;          ;2;        ;        ;2;             0;         ;1;1;1;1;1;1;1;1;51                  ;   ;1;1;1;19800101;        ;                    ;                    ;                    ;                    ;                    ;        ;2;            ;            ;            ;2;2;2;                    ; ;0;512                 ;  ;2;      ; ;                    ; ;  ;2;2;2;2; ; ; ; ; ; ; ; ;  ;  ;  ;  
1;  ;51201               ;ENERGIA ELECTRICA                       ;                                        ;                                        ;                                        ;                                        ;1;1;          ;2;        ;        ;7;             0;         ;1;1;1;1;1;1;1;1;512                 ;   ;1;1;1;19800101;        ;                    ;                    ;                    ;                    ;                    ;        ;2;            ;            ;            ;2;2;2;                    ; ;0;51201               ;  ;2;      ; ;                    ; ;  ;2;2;2;2; ; ; ; ; ; ; ; ;  ;  ;  ;  
1;  ;51202               ;AGUA                                    ;                                        ;                                        ;                                        ;                                        ;1;1;          ;2;        ;        ;1;             0;         ;1;1;1;1;1;1;1;1;512                 ;   ;1;1;1;19800101;        ;                    ;                    ;                    ;                    ;                    ;        ;2;            ;            ;            ;2;2;2;                    ; ;0;51202               ;  ;2;      ; ;                    ; ;  ;2;2;2;2; ; ; ; ; ; ; ; ;  ;  ;  ;  
1;  ;51203               ;COMUNICACION                            ;                                        ;                                        ;                                        ;                                        ;1;1;          ;2;        ;        ;6;             0;         ;1;1;1;1;1;1;1;1;512                 ;   ;1;1;1;19800101;        ;                    ;                    ;                    ;                    ;                    ;        ;2;            ;            ;            ;2;2;2;                    ; ;0;51203               ;  ;2;      ; ;                    ; ;  ;2;2;2;2; ; ; ; ; ; ; ; ;  ;  ;  ;  
1;  ;51204               ;ALQUILERES                              ;                                        ;                                        ;                                        ;                                        ;1;1;          ;2;        ;        ;0;             0;         ;1;1;1;1;1;1;1;1;512                 ;   ;1;1;1;19800101;        ;                    ;                    ;                    ;                    ;                    ;        ;2;            ;            ;            ;2;2;2;                    ; ;0;51204               ;  ;2;      ; ;                    ; ;  ;2;2;2;2; ; ; ; ; ; ; ; ;  ;  ;  ;  
1;  ;513                 ;DEPRECIACIONES                          ;                                        ;                                        ;                                        ;                                        ;1;1;          ;2;        ;        ;5;             0;         ;1;1;1;1;1;1;1;1;51                  ;   ;1;1;1;19800101;        ;                    ;                    ;                    ;                    ;                    ;        ;2;            ;            ;            ;2;2;2;                    ; ;0;513                 ;  ;2;      ; ;                    ; ;  ;2;2;2;2; ; ; ; ; ; ; ; ;  ;  ;  ;  
1;  ;52                  ;GASTOS DE PERSONAL                      ;                                        ;                                        ;                                        ;                                        ;1;1;          ;2;        ;        ;9;             0;         ;1;1;1;1;1;1;1;1;5                   ;   ;1;1;1;19800101;        ;                    ;                    ;                    ;                    ;                    ;        ;2;            ;            ;            ;2;2;2;                    ; ;0;52                  ;  ;2;      ; ;                    ; ;  ;2;2;2;2; ; ; ; ; ; ; ; ;  ;  ;  ;  
1;  ;521                 ;SALARIOS                                ;                                        ;                                        ;                                        ;                                        ;1;1;          ;2;        ;        ;1;             0;         ;1;1;1;1;1;1;1;1;52                  ;   ;1;1;1;19800101;        ;                    ;                    ;                    ;                    ;                    ;        ;2;            ;            ;            ;2;2;2;                    ; ;0;521                 ;  ;2;      ; ;                    ; ;  ;2;2;2;2; ; ; ; ; ; ; ; ;  ;  ;  ;  
1;  ;522                 ;VACACIONES                              ;                                        ;                                        ;                                        ;                                        ;1;1;          ;2;        ;        ;4;             0;         ;1;1;1;1;1;1;1;1;52                  ;   ;1;1;1;19800101;        ;                    ;                    ;                    ;                    ;                    ;        ;2;            ;            ;            ;2;2;2;                    ; ;0;522                 ;  ;2;      ; ;                    ; ;  ;2;2;2;2; ; ; ; ; ; ; ; ;  ;  ;  ;  
1;  ;523                 ;AGUINALDO                               ;                                        ;                                        ;                                        ;                                        ;1;1;          ;2;        ;        ;7;             0;         ;1;1;1;1;1;1;1;1;52                  ;   ;1;1;1;19800101;        ;                    ;                    ;                    ;                    ;                    ;        ;2;            ;            ;            ;2;2;2;                    ; ;0;523                 ;  ;2;      ; ;                    ; ;  ;2;2;2;2; ; ; ; ; ; ; ; ;  ;  ;  ;  
1;  ;524                 ;CESANTIA                                ;                                        ;                                        ;                                        ;                                        ;1;1;          ;2;        ;        ;0;             0;         ;1;1;1;1;1;1;1;1;52                  ;   ;1;1;1;19800101;        ;                    ;                    ;                    ;                    ;                    ;        ;2;            ;            ;            ;2;2;2;                    ; ;0;524                 ;  ;2;      ; ;                    ; ;  ;2;2;2;2; ; ; ; ; ; ; ; ;  ;  ;  ;  
1;  ;525                 ;CARGAS SOCIALES                         ;                                        ;                                        ;                                        ;                                        ;1;1;          ;2;        ;        ;2;             0;         ;1;1;1;1;1;1;1;1;52                  ;   ;1;1;1;19800101;        ;                    ;                    ;                    ;                    ;                    ;        ;2;            ;            ;            ;2;2;2;                    ; ;0;525                 ;  ;2;      ; ;                    ; ;  ;2;2;2;2; ; ; ; ; ; ; ; ;  ;  ;  ;  
1;  ;53                  ;GASTOS DE VENTAS                        ;                                        ;                                        ;                                        ;                                        ;1;1;          ;2;        ;        ;0;             0;         ;1;1;1;1;1;1;1;1;5                   ;   ;1;1;1;19800101;        ;                    ;                    ;                    ;                    ;                    ;        ;2;            ;            ;            ;2;2;2;                    ; ;0;53                  ;  ;2;      ; ;                    ; ;  ;2;2;2;2; ; ; ; ; ; ; ; ;  ;  ;  ;  
1;  ;531                 ;GASTOS POR INCOBRABLES                  ;                                        ;                                        ;                                        ;                                        ;1;1;          ;2;        ;        ;3;             0;         ;1;1;1;1;1;1;1;1;53                  ;   ;1;1;1;19800101;        ;                    ;                    ;                    ;                    ;                    ;        ;2;            ;            ;            ;2;2;2;                    ; ;0;531                 ;  ;2;      ; ;                    ; ;  ;2;2;2;2; ; ; ; ; ; ; ; ;  ;  ;  ;  
1;  ;532                 ;COMISIONES                              ;                                        ;                                        ;                                        ;                                        ;1;1;          ;2;        ;        ;6;             0;         ;1;1;1;1;1;1;1;1;53                  ;   ;1;1;1;19800101;        ;                    ;                    ;                    ;                    ;                    ;        ;2;            ;            ;            ;2;2;2;                    ; ;0;532                 ;  ;2;      ; ;                    ; ;  ;2;2;2;2; ; ; ; ; ; ; ; ;  ;  ;  ;  
1;  ;533                 ;PUBLICIDAD                              ;                                        ;                                        ;                                        ;                                        ;1;1;          ;2;        ;        ;9;             0;         ;1;1;1;1;1;1;1;1;53                  ;   ;1;1;1;19800101;        ;                    ;                    ;                    ;                    ;                    ;        ;2;            ;            ;            ;2;2;2;                    ; ;0;533                 ;  ;2;      ; ;                    ; ;  ;2;2;2;2; ; ; ; ; ; ; ; ;  ;  ;  ;  
1;  ;539                 ;OTROS GASTOS DE VENTAS                  ;                                        ;                                        ;                                        ;                                        ;1;1;          ;2;        ;        ;5;             0;         ;1;1;1;1;1;1;1;1;53                  ;   ;1;1;1;19800101;        ;                    ;                    ;                    ;                    ;                    ;        ;2;            ;            ;            ;2;2;2;                    ; ;0;539                 ;  ;2;      ; ;                    ; ;  ;2;2;2;2; ; ; ; ; ; ; ; ;  ;  ;  ;  
1;  ;59                  ;OTROS GASTOS                            ;                                        ;                                        ;                                        ;                                        ;1;1;          ;2;        ;        ;1;             0;         ;1;1;1;1;1;1;1;1;5                   ;   ;1;1;1;19800101;        ;                    ;                    ;                    ;                    ;                    ;        ;2;            ;            ;            ;2;2;2;                    ; ;0;59                  ;  ;2;      ; ;                    ; ;  ;2;2;2;2; ; ; ; ; ; ; ; ;  ;  ;  ;  
1;  ;6                   ;CUENTAS DE ORDEN DEUDORAS               ;                                        ;                                        ;                                        ;                                        ;1;1;          ;2;        ;        ;6;             0;         ;1;1;1;1;1;1;1;1;                    ;   ;1;1;1;19800101;        ;                    ;                    ;                    ;                    ;                    ;        ;2;            ;            ;            ;2;2;2;                    ; ;0;6                   ;  ;2;      ; ;                    ; ;  ;2;2;2;2; ; ; ; ; ; ; ; ;  ;  ;  ;  
1;  ;7                   ;CUENTAS DE ORDEN ACREEDORAS             ;                                        ;                                        ;                                        ;                                        ;1;2;          ;2;        ;        ;7;             0;         ;1;1;1;1;1;1;1;1;                    ;   ;1;1;1;19800101;        ;                    ;                    ;                    ;                    ;                    ;        ;2;            ;            ;            ;2;2;2;                    ; ;0;7                   ;  ;2;      ; ;                    ; ;  ;2;2;2;2; ; ; ; ; ; ; ; ;  ;  ;  ;  
2;CVD_FILIAL;CVD_CONTA;CVD_ENTREF;CVD_CODPLA;CVD_CTAREF;CVD_CUSTO
